John Smith,20183456,jsmith,js123
DungTran,20183457,dtran,dtran123
Carl,20183458,carl,carl123
Hoang Strickland,20183459,hstrickland,hstrickland123
Anh Nguyen,20183460,anhnguyen,anhnguyen123
Elvis,20183461,elvis,elvis123
Phuong,20183462,phuong,phuong123
Paul,20183463,paul,paul123
Charles,20183464,charles,charles123
CuongTran,20183465,cuongtran,cuongtran123
Dung Nguyen,20183466,dungnguyen,dungnguyen123
Tri Le,20183467,trile,trile123
Kate,20183468,kate,kate123

Truong The Dung,20182451,dungtt76,dungtt76
Truong The Dung,20182451,dungtt76,dungtt76
